bank_name,min_annual_income_man_yen,max_loan_amount,interest_type,interest_rate,screening_rate,preliminary_screening_method,max_repayment_age,max_loan_period_years,debt_ratio_0_399,debt_ratio_400_plus,general_group_insurance,general_group_insurance_features,wide_group_insurance,wide_group_insurance_conditions,cancer_group_insurance_100,cancer_group_insurance_100_notes,three_major_diseases_plus,three_major_diseases_plus_conditions,general_insurance_non_participation,employment_regular_months,employment_regular_months_notes,employment_contract_months,employment_contract_months_notes,employment_dispatch_months,employment_dispatch_months_notes,representative,representative_notes,self_employed,self_employed_notes,maternity_paternity_leave,maternity_paternity_leave_notes,single_person,single_person_notes,family_residential_loan,no_permanent_residency,permanent_residency_notes,lgbtq,lgbtq_notes,pre_marriage_consolidation,common_law_marriage,pair_loan,pair_loan_notes,income_consolidation_joint_liability,income_consolidation_joint_liability_notes,income_consolidation_joint_guarantee,income_consolidation_joint_guarantee_notes,consolidation_employment_type,consolidation_employment_type_notes,ms_area_limit_sqm,over_25_years_old,old_earthquake_standards,old_earthquake_standards_notes,outside_urbanization_area,leasehold,leasehold_notes,non_rebuildable,non_rebuildable_notes,existing_non_conforming,existing_non_conforming_notes,self_management,self_management_notes,various_expenses,various_expenses_notes,renovation,renovation_notes,property_exchange,property_exchange_notes,bridge_loan,bridge_loan_notes,debt_consolidation_loan,debt_consolidation_loan_notes,special_handling,features,created_at,updated_at,min_land_area_sqm,min_building_area_sqm,bank_website_url,land_bridge_loan_rate,interest_only_until_building_loan,partnership_availability
りそな銀行（変動型）,,300000000,変動,0.64,3,アプリ,79,35,35,35,○,,×,,○,,○,,×,12,,12,,12,,○,,○,,○,,○,,○,×,,○,,×,×,○,,○,,○,,,,16,○,○,,○,×,,×,,○,,×,,○,,○,,○,,×,,×,,,買い先行（返済比率に入れない審査）も対応を始めている。女性に強く、単身女性の方でも属性がよければ優遇金利が出る場合もある。,,,,,,,,
SBI新生銀行,,300000000,変動,0.52,3,書類,79,35,40,40,○,,×,,○,,×,,×,1,,1,,,,○,,○,,○,,○,,○,○,,○,,×,×,○,,×,,○,,,,30,○,○,,×,×,,×,,×,,○,,○,,○,,○,,×,,×,,,TERASS提携金利です。提携担当に個別で案件相談ができます。主な特徴は、外国籍、転職者、旧耐震、住み替え、返比40％など。※5年ルール、125%ルール適用がありません。,,,,,,,,
みずほ銀行（事務手数料型）,,100000000,変動,0.525,3.5,書類,80,35,35,40,○,,○,,○,,×,,×,12,,36,,,,○,,○,,○,,○,,○,×,,○,,×,×,○,,×,,○,,,,30,○,○,,○,○,,×,,○,,○,,○,,○,,○,,○,,×,,,本審査のみで事前審査なし。借地、旧耐震も場合によって審査可能。メガバンクの中でも物件審査がゆるめ。0.525％はネット申込み前提/それ以外0.725%,,,,,,,,
三菱UFJ銀行,,400000000,変動,0.595,3.54,アプリ,79,35,35,35,○,,○,,○,,○,,×,12,,36,,36,,○,,○,,○,,○,,×,○,,○,,○,×,○,,×,,○,,,,40,○,○,,○,○,,×,,○,,○,,○,,○,,○,,×,,×,,,借入上限ありません！！メガバンクの中では変動金利が最も条件よい。提携として扱えるエリアは、札幌・仙台・首都圏・東海・関西となります。,,,,,,,,
PayPay銀行,,200000000,変動,0.599,3,アプリ,79,50,35,40,○,,×,,○,,○,,×,3,,12,,,,○,,○,,○,,○,,×,×,,×,,×,×,○,,×,,○,,,,35,○,○,,×,×,,×,,×,,×,,○,,×,,○,,×,,×,,,審査金利と返済比率など柔軟な審査が特徴。団信の基本スペックも高く、業界初のペアローンでの連生団信などが良。一方で個人事業主などはやや苦手。※5年ルール、125%ルール適用がありません。,,,,,,,,
広島信用金庫,,,変動,0.525,,,,,30,35,○,,×,,○,,○,,×,,,,,,,,,○,,○,,○,,○,×,,○,,×,×,○,,○,,○,,,,,○,○,,○,×,,×,,×,,×,,○,,×,,○,,×,,×,,,【広島エリア限定の為ご注意ください】実行金利での審査となります。フットワークが軽く、土日でも対応可。,,,,,,,,
みなと銀行,,100000000,変動,0.595,3,書類,80,35,35,35,○,,×,,○,,○,,×,12,,12,,,,×,,×,,×,,×,,○,×,,×,,×,×,×,,○,,○,,,,30,×,○,,○,×,,×,,○,,×,,○,,○,,×,,×,,○,,,りそな銀行系列だが、りそな銀行より柔軟な対応が特徴。35年超お借入れの場合には、金利0.1％上乗せ。契約社員は女性可、男性は原則不可。,,,,,,,,
関西みらい銀行,,,変動,0.595,,,,,30,35,○,,×,,○,,○,,×,,,,,,,,,○,,○,,○,,○,×,,○,,×,×,○,,○,,○,,,,,○,○,,○,×,,×,,×,,×,,○,,×,,○,,×,,×,,,りそな銀行系列。審査であまり冒険はしない。審査確度は高い。35年超お借入れの場合には、金利0.1％上乗せ。,,,,,,,,
UI銀行,250,500000000,変動,0.595,2.88,,84,35,30,35,○,,○,,○,,○,,×,6,,,,,,○,,○,,○,,○,,×,×,,×,,○,×,○,,×,,○,,,,30,○,×,,×,×,,×,,×,,×,,×,,○,,○,,○,,×,,,最大5億円までの高額融資。4000万円以下のお借入は不可。戸建：物件価格の9割まで。マンション：税額のエビデンスが無い場合、売買価格の94％まで、提出できた場合は100％,,,,,,,,
第四北越銀行,,,変動,0.6,,,,,30,35,○,,×,,○,,○,,×,,,,,,,,,○,,○,,○,,○,×,,○,,×,×,○,,○,,○,,,,,○,○,,○,×,,×,,×,,×,,○,,×,,○,,×,,×,,,柔軟な審査が可能で低金利ニーズにも対応。建築案件は土地実行時に全額実行も可能。,,,,,,,,
中国銀行,,,変動,0.6,,,,,30,35,○,,×,,○,,○,,×,,,,,,,,,○,,○,,○,,○,×,,○,,×,×,○,,○,,○,,,,,○,○,,○,×,,×,,×,,×,,○,,×,,○,,×,,×,,,低金利と充実したがん保障が大きな強み。ネット銀行並みの低金利が魅力。最大50年の借入が可能。,,,,,,,,
広島銀行,,,変動,0.6,,,,,30,35,○,,×,,○,,○,,×,,,,,,,,,○,,○,,○,,○,×,,○,,×,×,○,,○,,○,,,,,○,○,,○,×,,×,,×,,×,,○,,×,,○,,×,,×,,,充実した「がん保障」が金利上乗せなしで利用できる。電子契約利用で印紙税削減もできる。,,,,,,,,
池田泉州銀行,,,変動,0.62,,,,,30,35,○,,×,,○,,○,,×,,,,,,,,,○,,○,,○,,○,×,,○,,×,×,○,,○,,○,,,,,○,○,,○,×,,×,,×,,×,,○,,×,,○,,×,,×,,,審査回答が比較的早く、審査も柔軟。35年超お借入れの場合には、金利上乗せ無し,,,,,,,,
埼玉りそな銀行,,300000000,変動,0.64,3,,79,35,35,35,○,,×,,○,,○,,×,12,,12,,12,,○,,○,,○,,○,,○,×,,○,,×,×,○,,○,,○,,,,16,○,○,,○,×,,×,,○,,×,,○,,○,,○,,×,,×,,,女性に強く、単身女性の方でも属性がよければ優遇金利が出る場合もある。買い先行（返済比率に入れない審査＋最長1年間返済猶予あり）も対応を始めています。,,,,,,,,
auじぶん銀行（がん100％優遇割）,200,200000000,変動,0.734,2.57,アプリ,79,50,30,35,○,,○,,○,,○,,×,6,,12,,36,,○,,○,,○,,○,,○,×,,○,,○,○,○,,×,,○,,,,30,○,○,,○,×,,×,,×,,×,,○,,×,,○,,×,,×,,,金利優遇割適用で0.734%（モバイル割0.07%+でんき割0.03%）。がん100％団信に加入しても上乗せ金利なし！諸費用も物件価格の10%まで可能！最大借入期間50年での申込が可能！,,,,,,,,
横浜銀行,,200000000,変動,0.65,3.2,,81,40,35,40,○,,○,,○,,○,,×,12,,12,,12,,○,,○,,○,,○,,○,×,,○,,×,×,○,,×,,○,,,,45,○,○,,○,×,,×,,○,,×,,○,,○,,○,,○,,×,,,買い先行案件など一部特殊案件も対応。借入期間40年を開始（36年～40年は金利0.1%上乗せ）金利は給与振込口座指定の場合。,,,,,,,,
浜松いわた信用金庫,,,変動,0.65,,,,,30,35,○,,×,,○,,○,,×,,,,,,,,,○,,○,,○,,○,×,,○,,×,×,○,,○,,○,,,,,○,○,,○,×,,×,,×,,×,,○,,×,,○,,×,,×,,,自然災害に伴う居住不能期間の返済を保障。全疾病保障が金利上乗せ無しで付帯可能。,,,,,,,,
七十七銀行,,,変動,0.66,,,,,30,35,○,,×,,○,,○,,×,,,,,,,,,○,,○,,○,,○,×,,○,,×,×,○,,○,,○,,,,,○,○,,○,×,,×,,×,,×,,○,,×,,○,,×,,×,,,団信8種類あり。手数料、保証料選択可能（主流は手数料型）。,,,,,,,,
川崎信用金庫,,100000000,変動,0.72,0.72,書類,80,50,30,35,○,,○,,○,,○,,×,12,,12,,12,,○,,○,,○,,○,,○,×,,○,,×,×,○,,○,,○,,,,20,○,○,,○,○,,×,,×,,○,,○,,○,,×,,○,,○,,,MG保証を採用している信金。特に個人事業主に強い。35年超お借入れの場合には、金利上乗せ無し。審査金利は実行金利。,,,,,,,,
みずほ銀行（借入時負担ゼロ型）,,100000000,変動,0.725,3.5,書類,80,35,35,40,○,,○,,○,,×,,×,12,,36,,,,○,,○,,○,,○,,○,×,,○,,×,×,○,,×,,○,,,,30,○,○,,○,○,,×,,○,,○,,○,,○,,○,,○,,×,,,本審査のみで事前審査なし。借地、旧耐震も場合によって審査可能。事務手数料等が0円。金利は事務手数料型に0.2%上乗せ,,,,,,,,
トマト銀行,,200000000,変動,0.725,1.38,,79,35,35,40,○,,○,,○,,○,,×,12,,,,,,○,,×,,○,,○,,×,×,,×,,×,×,○,,○,,×,,,,1,○,○,,○,×,,×,,×,,○,,○,,○,,×,,○,,○,,,豊富な団信オプション（がん保障特約など）が特徴。住宅ローン利用者限定のローン商品（リフォーム資金、おまとめ）も対応。51歳未満は全疾病が付帯。,,,,,,,,
三井住友信託銀行,,100000000,変動,0.73,3.25,アプリ,80,35,25,35,○,,×,,○,,○,,×,36,,36,,60,,○,,○,,○,,○,,×,○,,○,,×,×,○,,×,,○,,,,25,○,○,,○,×,,×,,○,,○,,○,,○,,○,,×,,×,,,賃貸併用物件の取り扱いが可能。資産運用が可能な高属性のお客様をターゲット。物件価格までの借入が条件。諸費用借入時は金利+0.05%。,,,,,,,,
住信SBIネット銀行,,300000000,変動,0.739,3.25,書類,79,50,35,35,○,,○,,○,,○,,×,3,,,,,,○,,○,,○,,○,,×,×,,○,,×,×,○,,×,,○,,,,25,○,×,,○,×,,×,,○,,×,,○,,×,,○,,×,,×,,,最大借入期間50年可能。保証会社にMG保証を取り入れているため、属性不安にも対応できる点が強み。代理店経由の場合3段階金利（80%以下0.649%、80%超0.739%、100%超0.809%）,,,,,,,,
湘南信用金庫,,,変動,0.775,,,,,30,35,○,,×,,○,,○,,×,,,,,,,,,○,,○,,○,,○,×,,○,,×,×,○,,○,,○,,,,,○,○,,○,×,,×,,×,,×,,○,,×,,○,,×,,×,,,個人事業主、自営業者向けに幅広い審査が可能。分割実行ができるため新築案件にも対応。,,,,,,,,
武蔵野銀行,,,変動,0.78,,,,,30,35,○,,×,,○,,○,,×,,,,,,,,,○,,○,,○,,○,×,,○,,×,×,○,,○,,○,,,,,○,○,,○,×,,×,,×,,×,,○,,×,,○,,×,,×,,,ぶぎん保証は返済比率が無く、金額が伸びやすい。借地も残存期間内なら可能,,,,,,,,
大分銀行,,,変動,0.8,,,,,30,35,○,,×,,○,,○,,×,,,,,,,,,○,,○,,○,,○,×,,○,,×,×,○,,○,,○,,,,,○,○,,○,×,,×,,×,,×,,○,,×,,○,,×,,×,,,プレミアム金利対象の場合には、適用金利より▲0.155％引下げ。,,,,,,,,
北九州銀行,,,変動,0.8,,,,,30,35,○,,×,,○,,○,,×,,,,,,,,,○,,○,,○,,○,×,,○,,×,×,○,,○,,○,,,,,○,○,,○,×,,×,,×,,×,,○,,×,,○,,×,,×,,,年収と年齢の一定条件を超えている場合には、事務手数料型の利用が可能。,,,,,,,,
中央労金,150,100000000,変動,0.805,0.8,書類,76,35,30,30,○,,×,,○,,○,,×,12,,,,,,○,,○,,○,,○,,×,×,,×,,×,×,○,,○,,×,,,,50,○,○,,○,○,,×,,○,,○,,○,,○,,○,,○,,○,,,借入金額が伸びやすい。組合員であれば柔軟な審査。団体会員であれば0.625％の融資手数料型あり。※TERASS取引停止中（2025年7月時点）,,,,,,,,
湘南信金,,,変動,0.825,,,,,30,35,○,,×,,○,,○,,×,,,,,,,,,○,,○,,○,,○,×,,○,,×,×,○,,○,,○,,,,,○,○,,○,×,,×,,×,,×,,○,,×,,○,,×,,×,,,個人事業主、自営業者向けに幅広い審査が可能。分割実行ができるため新築案件にも対応。,,,,,,,,
イオン銀行,,,変動,0.83,,,,,30,35,○,,×,,○,,○,,×,,,,,,,,,○,,○,,○,,○,×,,○,,×,×,○,,○,,○,,,,,○,○,,○,×,,×,,×,,×,,○,,×,,○,,×,,×,,,ネット銀行の中で最も柔軟に審査が可能。狭小、単身顧客に強い。,,,,,,,,
auじぶん銀行（がん100％標準）,,,変動,0.834,,,,,30,35,○,,×,,○,,○,,×,,,,,,,,,○,,○,,○,,○,×,,○,,×,×,○,,○,,○,,,,,○,○,,○,×,,×,,×,,×,,○,,×,,○,,×,,×,,,がん100％団信に加入しても上乗せ金利なし！諸費用も物件価格の10%まで可能！,,,,,,,,
埼玉縣信用金庫,,,変動,0.845,,,,,30,35,○,,×,,○,,○,,×,,,,,,,,,○,,○,,○,,○,×,,○,,×,×,○,,○,,○,,,,,○,○,,○,×,,×,,×,,×,,○,,×,,○,,×,,×,,,50年ローン金利上乗せ無し。審査金利については変動金利の実行金利適用。,,,,,,,,
大東銀行,,,変動,0.85,,,,,30,35,○,,×,,○,,○,,×,,,,,,,,,○,,○,,○,,○,×,,○,,×,×,○,,○,,○,,,,,○,○,,○,×,,×,,×,,×,,○,,×,,○,,×,,×,,,MG保証を採用。物件の審査に寛容。返済比率もなく、返済金額が伸びやすい。,,,,,,,,
沖縄銀行,,,変動,0.85,,,,,30,35,○,,×,,○,,○,,×,,,,,,,,,○,,○,,○,,○,×,,○,,×,×,○,,○,,○,,,,,○,○,,○,×,,×,,×,,×,,○,,×,,○,,×,,×,,,沖縄県内に多くの店舗があり、対面での相談が可能。35年超の場合は、金利上乗せ無し,,,,,,,,
山陰合同銀行,,,変動,0.85,,,,,30,35,○,,×,,○,,○,,×,,,,,,,,,○,,○,,○,,○,×,,○,,×,×,○,,○,,○,,,,,○,○,,○,×,,×,,×,,×,,○,,×,,○,,×,,×,,,【対応エリア】島根県・鳥取県を主要エリア。中古物件の場合、40年ローンまで,,,,,,,,
きらぼし銀行,,,変動,0.87,,,,,30,35,○,,×,,○,,○,,×,,,,,,,,,○,,○,,○,,○,×,,○,,×,×,○,,○,,○,,,,,○,○,,○,×,,×,,×,,×,,○,,×,,○,,×,,×,,,投資用不動産案件や買い先行案件が得意。,,,,,,,,
福岡銀行,,,変動,0.875,,,,,30,35,○,,×,,○,,○,,×,,,,,,,,,○,,○,,○,,○,×,,○,,×,×,○,,○,,○,,,,,○,○,,○,×,,×,,×,,×,,○,,×,,○,,×,,×,,,単身、狭小案件が得意。年収700万円以上だと金利0.475％,,,,,,,,
但馬銀行,,,変動,0.875,,,,,30,35,○,,×,,○,,○,,×,,,,,,,,,○,,○,,○,,○,×,,○,,×,×,○,,○,,○,,,,,○,○,,○,×,,×,,×,,×,,○,,×,,○,,×,,×,,,直相談、直申込が可能。プロパー融資を中心とした取組のため、イレギュラーな取扱も可能。,,,,,,,,
南都銀行,,,変動,0.875,,,,,30,35,○,,×,,○,,○,,×,,,,,,,,,○,,○,,○,,○,×,,○,,×,×,○,,○,,○,,,,,○,○,,○,×,,×,,×,,×,,○,,×,,○,,×,,×,,,直相談、直申込が可能。単身や旧耐震などの仲介案件が得意。,,,,,,,,
大光銀行,,,変動,0.875,,,,,30,35,○,,×,,○,,○,,×,,,,,,,,,○,,○,,○,,○,×,,○,,×,×,○,,○,,○,,,,,○,○,,○,×,,×,,×,,×,,○,,×,,○,,×,,×,,,金利は比較的高いが、属性が低い方の融資付け（年収など）が得意,,,,,,,,
群馬銀行,,,変動,0.875,,,,,30,35,○,,×,,○,,○,,×,,,,,,,,,○,,○,,○,,○,×,,○,,×,×,○,,○,,○,,,,,○,○,,○,×,,×,,×,,×,,○,,×,,○,,×,,×,,,7大疾病補償保険か失業信用費用保険（選択可能）が金利上乗せなしで付帯。,,,,,,,,
もみじ銀行,,,変動,0.875,,,,,30,35,○,,×,,○,,○,,×,,,,,,,,,○,,○,,○,,○,×,,○,,×,×,○,,○,,○,,,,,○,○,,○,×,,×,,×,,×,,○,,×,,○,,×,,×,,,変動金利・固定金利以外に双方向金利選択型が選べる。がん団信は金利上乗せなし。,,,,,,,,
ソニー銀行,,,変動,0.897,,,,,30,35,○,,×,,○,,○,,×,,,,,,,,,○,,○,,○,,○,×,,○,,×,×,○,,○,,○,,,,,○,○,,○,×,,×,,×,,×,,○,,×,,○,,×,,×,,,完済年齢85歳未満のため、年齢が高い方でも借入期間が長くすることが可能。,,,,,,,,
静岡銀行,,,変動,0.9,,,,,30,35,○,,×,,○,,○,,×,,,,,,,,,○,,○,,○,,○,×,,○,,×,×,○,,○,,○,,,,,○,○,,○,×,,×,,×,,×,,○,,×,,○,,×,,×,,,直接申込が出来ます。地銀の中では低金利。借入期間を35年超～50年とした場合は金利上乗せなし,,,,,,,,
足利銀行,,,変動,0.925,,,,,30,35,○,,×,,○,,○,,×,,,,,,,,,○,,○,,○,,○,×,,○,,×,×,○,,○,,○,,,,,○,○,,○,×,,×,,×,,×,,○,,×,,○,,×,,×,,,最長50年の借入期間、無料で付帯する8つの疾病保障。,,,,,,,,
auじぶん銀行（35年超～50年）,,,変動,0.934,,,,,30,35,○,,×,,○,,○,,×,,,,,,,,,○,,○,,○,,○,×,,○,,×,×,○,,○,,○,,,,,○,○,,○,×,,×,,×,,×,,○,,×,,○,,×,,×,,,借入期間35年超の場合の上乗せ金利0.1%を反映。35年超の場合も、がん100%団信に加入しても上乗せなし。,,,,,,,,
常陽銀行,,,変動,0.95,,,,,30,35,○,,×,,○,,○,,×,,,,,,,,,○,,○,,○,,○,×,,○,,×,×,○,,○,,○,,,,,○,○,,○,×,,×,,×,,×,,○,,×,,○,,×,,×,,,お客様の審査が比較的柔軟。金利は高め。少し時間が掛かっているため、急ぎの場合は控えた方が良い,,,,,,,,
沖縄ろうきん,,,変動,0.95,,,,,30,35,○,,×,,○,,○,,×,,,,,,,,,○,,○,,○,,○,×,,○,,×,×,○,,○,,○,,,,,○,○,,○,×,,×,,×,,×,,○,,×,,○,,×,,×,,,スコアリングシステムによらない独自の審査判断により、取り組みができるケースがある。,,,,,,,,
千葉銀行,,,変動,0.975,,,,,30,35,○,,×,,○,,○,,×,,,,,,,,,○,,○,,○,,○,×,,○,,×,×,○,,○,,○,,,,,○,○,,○,×,,×,,×,,×,,○,,×,,○,,×,,×,,,ガン団信100％が無料、投資用を既に持っていても対応可、旧耐震可、親族間売買、単身者可。,,,,,,,,
十六銀行,,,変動,0.975,,,,,30,35,○,,×,,○,,○,,×,,,,,,,,,○,,○,,○,,○,×,,○,,×,×,○,,○,,○,,,,,○,○,,○,×,,×,,×,,×,,○,,×,,○,,×,,×,,,iYell経由であればネットから代理審査が可能。名古屋案件であれば金利0.6％台での提案が可能。,,,,,,,,
多摩信用金庫,,,変動,0.975,,,,,30,35,○,,×,,○,,○,,×,,,,,,,,,○,,○,,○,,○,×,,○,,×,×,○,,○,,○,,,,,○,○,,○,×,,×,,×,,×,,○,,×,,○,,×,,×,,,多摩保証を採用。物件の担保を重視するため、お客様属性が不利でも他でカバーできることがある。,,,,,,,,
京都銀行,,,変動,0.975,,,,,30,35,○,,×,,○,,○,,×,,,,,,,,,○,,○,,○,,○,×,,○,,×,×,○,,○,,○,,,,,○,○,,○,×,,×,,×,,×,,○,,×,,○,,×,,×,,,金利引き下げキャンペーン中！2025/9/30までにお申込、2025/12/30までにお借入の方限定,,,,,,,,
スルガ銀行（クレディセゾン保証）,,,変動,0.975,,,,,30,35,○,,×,,○,,○,,×,,,,,,,,,○,,○,,○,,○,×,,○,,×,×,○,,○,,○,,,,,○,○,,○,×,,×,,×,,×,,○,,×,,○,,×,,×,,,最長借入期間50年であり、住宅購入に伴う諸費用だけでなく、他社目的別ローンのおまとめにも対応。,,,,,,,,
近畿労働金庫,,,変動,0.985,,,,,30,35,○,,×,,○,,○,,×,,,,,,,,,○,,○,,○,,○,×,,○,,×,×,○,,○,,○,,,,,○,○,,○,×,,×,,×,,×,,○,,×,,○,,×,,×,,,借入金額が伸びやすい。組合員であればより柔軟な審査が可能。,,,,,,,,
楽天銀行,,,変動,0.993,,,,,30,35,○,,×,,○,,○,,×,,,,,,,,,○,,○,,○,,○,×,,○,,×,×,○,,○,,○,,,,,○,○,,○,×,,×,,×,,×,,○,,×,,○,,×,,×,,,手数料が33万円と安く、短期返済を考えている方にお勧め。審査金利も低く、金額が伸びやすい,,,,,,,,
筑波銀行,,,変動,1,,,,,30,35,○,,×,,○,,○,,×,,,,,,,,,○,,○,,○,,○,×,,○,,×,×,○,,○,,○,,,,,○,○,,○,×,,×,,×,,×,,○,,×,,○,,×,,×,,,多様な商品と柔軟な返済設計が特徴。地域密着型のきめ細やかなサポートが強み。,,,,,,,,
八十二銀行,,,変動,1,,,,,30,35,○,,×,,○,,○,,×,,,,,,,,,○,,○,,○,,○,×,,○,,×,×,○,,○,,○,,,,,○,○,,○,×,,×,,×,,×,,○,,×,,○,,×,,×,,,地元に密着した安心感と多彩な保障オプション、利用者特典に優れている。,,,,,,,,
三井住友銀行,,,変動,1.025,,,,,30,35,○,,×,,○,,○,,×,,,,,,,,,○,,○,,○,,○,×,,○,,×,×,○,,○,,○,,,,,○,○,,○,×,,×,,×,,×,,○,,×,,○,,×,,×,,,非居住者ローン（親子）や永住権がない外国籍の方も取り扱いが出来るのが特徴的。,,,,,,,,
紀陽銀行,,,変動,1.025,,,,,30,35,○,,×,,○,,○,,×,,,,,,,,,○,,○,,○,,○,×,,○,,×,×,○,,○,,○,,,,,○,○,,○,×,,×,,×,,×,,○,,×,,○,,×,,×,,,関西の銀行の中では金利が高めだが、込み入った案件の相談が可能。,,,,,,,,
京葉銀行,,,変動,1.025,,,,,30,35,○,,×,,○,,○,,×,,,,,,,,,○,,○,,○,,○,×,,○,,×,×,○,,○,,○,,,,,○,○,,○,×,,×,,×,,×,,○,,×,,○,,×,,×,,,保証料がないため、諸費用が少ない。配偶者が連帯保証人となる。,,,,,,,,
山梨中央銀行,,,変動,1.025,,,,,30,35,○,,×,,○,,○,,×,,,,,,,,,○,,○,,○,,○,×,,○,,×,×,○,,○,,○,,,,,○,○,,○,×,,×,,×,,×,,○,,×,,○,,×,,×,,,具体的な返済比率はなく、年収の7倍が目安。がん団信（死亡・高度障害、がん保障特約）金利上乗せなし,,,,,,,,
三井住友銀行（期間36～39年）,,,変動,1.075,,,,,30,35,○,,×,,○,,○,,×,,,,,,,,,○,,○,,○,,○,×,,○,,×,×,○,,○,,○,,,,,○,○,,○,×,,×,,×,,×,,○,,×,,○,,×,,×,,,返済比率ギリギリの人の救済措置。35年では返済比率超過であっても対応可。,,,,,,,,
肥後銀行,,,変動,1.1,,,,,30,35,○,,×,,○,,○,,×,,,,,,,,,○,,○,,○,,○,×,,○,,×,×,○,,○,,○,,,,,○,○,,○,×,,×,,×,,×,,○,,×,,○,,×,,×,,,ZEH基準に該当などした場合には、適用金利より△0.075%。35年超お借入れの場合には、金利上乗せ無し,,,,,,,,
鹿児島銀行,,,変動,1.1,,,,,30,35,○,,×,,○,,○,,×,,,,,,,,,○,,○,,○,,○,×,,○,,×,×,○,,○,,○,,,,,○,○,,○,×,,×,,×,,×,,○,,×,,○,,×,,×,,,固定金利選択時、（事前審査申込月/本審査申込月/借入月）の中から金利を選択できる。,,,,,,,,
西日本シティ銀行,,,変動,1.125,,,,,30,35,○,,×,,○,,○,,×,,,,,,,,,○,,○,,○,,○,×,,○,,×,×,○,,○,,○,,,,,○,○,,○,×,,×,,×,,×,,○,,×,,○,,×,,×,,,東京都内と大阪府内はエリア外。永住権無し単独可。,,,,,,,,
京葉銀行（40年超）,,,変動,1.125,,,,,30,35,○,,×,,○,,○,,×,,,,,,,,,○,,○,,○,,○,×,,○,,×,×,○,,○,,○,,,,,○,○,,○,×,,×,,×,,×,,○,,×,,○,,×,,×,,,50年ローンが9/1から取扱い開始。借入期間40年超の場合は、通常の金利に+0.1%上乗せ。,,,,,,,,
栃木銀行,,,変動,1.125,,,,,30,35,○,,×,,○,,○,,×,,,,,,,,,○,,○,,○,,○,×,,○,,×,×,○,,○,,○,,,,,○,○,,○,×,,×,,×,,×,,○,,×,,○,,×,,×,,,プロパー + ２種類の保証会社から幅広い商品を選択可能。50歳以上は0.1％上乗せ。,,,,,,,,
熊本銀行,,,変動,1.125,,,,,30,35,○,,×,,○,,○,,×,,,,,,,,,○,,○,,○,,○,×,,○,,×,×,○,,○,,○,,,,,○,○,,○,×,,×,,×,,×,,○,,×,,○,,×,,×,,,プレミアムプラン対象の場合には、適用金利より▲0.25％引下げ。,,,,,,,,
城北信用金庫,,,変動,1.125,,,,,30,35,○,,×,,○,,○,,×,,,,,,,,,○,,○,,○,,○,×,,○,,×,×,○,,○,,○,,,,,○,○,,○,×,,×,,×,,×,,○,,×,,○,,×,,×,,,毎月元利均等返済または元金均等返済を選択可能,,,,,,,,
名古屋銀行,,,変動,1.15,,,,,30,35,○,,×,,○,,○,,×,,,,,,,,,○,,○,,○,,○,×,,○,,×,×,○,,○,,○,,,,,○,○,,○,×,,×,,×,,×,,○,,×,,○,,×,,×,,,団信保障内容に自然災害時返済支援特約付。土日も対応可能な店舗あり。,,,,,,,,
青木信用金庫,,,変動,1.225,,,,,30,35,○,,×,,○,,○,,×,,,,,,,,,○,,○,,○,,○,×,,○,,×,×,○,,○,,○,,,,,○,○,,○,×,,×,,×,,×,,○,,×,,○,,×,,×,,,住宅購入、新築、リフォーム、借換など、様々な目的に利用できます。支店のあるエリアのみ。,,,,,,,,
川口信用金庫,,,変動,1.225,,,,,30,35,○,,×,,○,,○,,×,,,,,,,,,○,,○,,○,,○,×,,○,,×,×,○,,○,,○,,,,,○,○,,○,×,,×,,×,,×,,○,,×,,○,,×,,×,,,保証会社はしんきん保証基金と全国保証から選択可能。審査金利が実行金利の為、借入金額を伸ばしやすい。,,,,,,,,
仙台銀行,,,変動,1.25,,,,,30,35,○,,×,,○,,○,,×,,,,,,,,,○,,○,,○,,○,×,,○,,×,×,○,,○,,○,,,,,○,○,,○,×,,×,,×,,×,,○,,×,,○,,×,,×,,,地元向けに手厚い対面サポート。住信SBIネット銀行の銀行代理業者として住宅ローンの契約締結の媒介を行う。,,,,,,,,
東邦銀行,,,変動,1.35,,,,,30,35,○,,×,,○,,○,,×,,,,,,,,,○,,○,,○,,○,×,,○,,×,×,○,,○,,○,,,,,○,○,,○,×,,×,,×,,×,,○,,×,,○,,×,,×,,,借入期間上限は長期優良住宅50年、中古35年、一般新築40年で異なる。,,,,,,,,
ARUHI住宅ローン（SBI信用保障）,,,変動,1.364,,,,,30,35,○,,×,,○,,○,,×,,,,,,,,,○,,○,,○,,○,×,,○,,×,×,○,,○,,○,,,,,○,○,,○,×,,×,,○,,×,,○,,×,,○,,×,,×,,,狭小物件・旧耐震・単身者・自主管理に強い。最大融資額2億円、高額物件の融資に対応。,,,,,,,,
富山銀行,,,変動,1.375,,,,,30,35,○,,×,,○,,○,,×,,,,,,,,,○,,○,,○,,○,×,,○,,×,×,○,,○,,○,,,,,○,○,,○,×,,×,,×,,×,,○,,×,,○,,×,,×,,,借地取扱い可能※借入期間20年以内。着工前に全額融資可能。,,,,,,,,
琉球銀行,,,変動,1.425,,,,,30,35,○,,×,,○,,○,,×,,,,,,,,,○,,○,,○,,○,×,,○,,×,×,○,,○,,○,,,,,○,○,,○,×,,×,,×,,×,,○,,×,,○,,×,,×,,,事前審査後、個別の金利優遇幅で最終金利が決まる。35年超の場合は、金利上乗せ無し,,,,,,,,
佐賀銀行,,,変動,1.47,,,,,30,35,○,,×,,○,,○,,×,,,,,,,,,○,,○,,○,,○,×,,○,,×,×,○,,○,,○,,,,,○,○,,○,×,,×,,×,,×,,○,,×,,○,,×,,×,,,変動金利選択の場合：適用金利より年0.3%優遇。35年超お借入れの場合には、金利上乗せ無し,,,,,,,,
呉信用金庫,,,変動,1.475,,,,,30,35,○,,×,,○,,○,,×,,,,,,,,,○,,○,,○,,○,×,,○,,×,×,○,,○,,○,,,,,○,○,,○,×,,×,,×,,×,,○,,×,,○,,×,,×,,,ローンセンターでは土日も専門スタッフに直接相談可能、最大2億円、最長50年の長期借入が可能。,,,,,,,,
ARUHI住宅ローン（MG保証）ユアセレクト,,,変動,1.514,,,,,30,35,○,,×,,○,,○,,×,,,,,,,,,○,,○,,○,,○,×,,○,,×,×,○,,○,,○,,,,,○,○,,○,×,,×,,○,,×,,○,,×,,○,,×,,×,,,狭小物件・旧耐震・単身者・自主管理に強い。最大融資額2億円、高額物件の融資に対応。,,,,,,,,
北海道銀行,,,変動,1.575,,,,,30,35,○,,×,,○,,○,,×,,,,,,,,,○,,○,,○,,○,×,,○,,×,×,○,,○,,○,,,,,○,○,,○,×,,×,,×,,×,,○,,×,,○,,×,,×,,,変動型や固定期間選択型、全期間固定型など多様な金利プランを備えた柔軟な商品設計。,,,,,,,,
西武信用金庫,,,変動,1.65,,,,,30,35,○,,×,,○,,○,,×,,,,,,,,,○,,○,,○,,○,×,,○,,×,×,○,,○,,○,,,,,○,○,,○,×,,×,,×,,×,,○,,×,,○,,×,,×,,,保証料先払い：1.65%、保証料上乗せ：1.75%～。審査金利は実行金利。支店のあるエリアのみ。,,,,,,,,
スルガ銀行,,,変動,1.725,,,,,30,35,○,,×,,○,,○,,×,,,,,,,,,○,,○,,○,,○,×,,○,,×,×,○,,○,,○,,,,,○,○,,○,×,,×,,×,,×,,○,,×,,○,,×,,×,,,全国対応可であり、高額融資、永住権なし外国人の融資に強い。,,,,,,,,
フラット35（保証型）,,,固定,1.74,,,,,30,35,○,,×,,○,,○,,×,,,,,,,,,○,,○,,○,,○,×,,○,,×,×,○,,○,,○,,,,,○,○,,○,×,,×,,×,,×,,○,,×,,○,,×,,×,,,自己資金割合に応じて金利が異なり、通常のフラットより低金利設定。子育てプラスを利用して金利引き下げ幅最大1.0%。,,,,,,,,
住信SBIネット銀行（10年固定）,,,固定,1.814,,,,,30,35,○,,×,,○,,○,,×,,,,,,,,,○,,○,,○,,○,×,,○,,×,×,○,,○,,○,,,,,○,○,,○,×,,×,,×,,×,,○,,×,,○,,×,,×,,,最大借入期間50年可能。保証会社にMG保証を取り入れているので、属性不安にも対応力がある点が強み。,,,,,,,,
auじぶん銀行（10年固定）,,,固定,1.835,,,,,30,35,○,,×,,○,,○,,×,,,,,,,,,○,,○,,○,,○,×,,○,,×,×,○,,○,,○,,,,,○,○,,○,×,,×,,×,,×,,○,,×,,○,,×,,×,,,がん100%団信に加入しても上乗せなし。諸費用も物件価格の10%まで可能！,,,,,,,,
信用組合愛知商銀,,,変動,1.875,,,,,30,35,○,,×,,○,,○,,×,,,,,,,,,○,,○,,○,,○,×,,○,,×,×,○,,○,,○,,,,,○,○,,○,×,,×,,×,,×,,○,,×,,○,,×,,×,,,事前審査はないが、異動情報が記載されているお客様などの難案件の対応が可能。,,,,,,,,
フラット35（買取型）,,,固定,1.89,,,,,30,35,○,,×,,○,,○,,×,,,,,,,,,○,,○,,○,,○,×,,○,,×,×,○,,○,,○,,,,,○,○,,○,×,,×,,×,,×,,○,,×,,○,,×,,×,,,ペアローンが受付開始。子育てプラスを利用して金利引き下げ幅最大1.0%。団信不加入にすると、－0.2%。,,,,,,,,
三菱UFJ銀行（10年固定）,,400000000,固定,1.92,3.66,アプリ,79,35,35,35,○,当初固定期間終了後は、固定10年・固定20年はその時点の店頭表示金利より▲年1.55％です。高属性は1年未満も検討可。契約・派遣は源泉1年分必要。代表・自営は確定申告・決算書3期分。産休・育休中でも申込可能（前年源泉や直近３ヶ月分と賞与から産休前年収で検討）。永住権なし外国人は原則NGだが条件満たせば対応可能（日本語理解・物件価格2割以上自己資金・勤続3年以上・日本滞在5年以上・永住権保有配偶者が連帯保証・在留カード必須）。LGBTQ対応（同性パートナーシップ証明書等要）。借地権はマンション個別相談・戸建不可。既存不適格は戸建不可・マンション個別判断。リフォームは2本扱い同金利。買替は返済比率に含めて計算。,○,金利+0.3%,○,※がん団信100のみの保険はなく団信7大疾病の加入となります。,○,※団信3大疾病のみの保険はなく団信7大疾病の加入となります。,×,12,,36,,36,,○,,○,,○,,○,,×,○,,○,,○,×,○,,×,,○,,,,40,○,○,,○,○,,×,,○,,○,,○,,○,,○,,×,,×,,,借入上限ありません！！メガバンクの中では変動金利が最も条件よい。提携として扱えるエリアは、札幌・仙台・首都圏・東海・関西となります。窓口は全て三菱UFJローンビジネス株式会社 日本橋営業部　日本橋第一営業所 担当：及川愛さん（050-3844-1846／ai_2_oikawa@mufg.jp）対応時間：平日9時～18時 休み：土日祝。事務手数料：66万円。,,,,,,,,
協同住宅ローン,,100000000,変動,2.175,3.5,書類,79,35,30,35,○,正社員1ヶ月、契約・派遣3ヶ月（顧客属性等鑑み個別検討可）。代表は確定申告・決算書・法人税申告書3期分、自営は確定申告3期分。産休育休は収入実績・見込み等により検討。永住権なしは自己資金原則2割以上、定住性認められる場合（別担保・優良勤務先なら2割以下も検討可）。LGBTQ・事実婚対応。MS面積10㎡個別検討。既存不適格は超過率20％以内で市場性見込める場合。買替つなぎ資金対応（借入期間1年、売却後一括返済）。,×,,○,旧耐震は金利2.375%。新耐震はキャンペーン金利2.175%,×,,×,1,,3,,3,,○,,○,,○,,○,,○,○,,○,,○,○,○,,○,,○,,,,10,○,○,,○,○,,○,,○,,○,,×,,×,,○,,×,,×,,,銀行で否決になった案件の相談が可能。スコアリングシステムによらない独自の審査判断。プロパーローンのため柔軟な審査が可能。自己資金2割以上の拠出をお願いすることが多い。原則他社との並行打診はお断り。キャンペーン金利かつ新耐震物件2.175%、旧耐震物件2.375%。担当：野々下様（03-5656-9804／nonoshita-n@kyojyu.co.jp）対応時間：平日9時～17時。,,,,,,,,
住信SBIネット銀行（35年固定）,,300000000,固定,2.544,3.25,アプリ,79,50,35,35,○,試用期間完了を要す。契約・派遣は不可。代表・自営は自己資金2割必要。産休育休は直近及びフル勤務時の複数年源泉必要。LGBTQ対応（同性パートナーシップ証明書等要）。MS面積25㎡。既存不適格はプロパー不可だがMG保証で取扱い可能性あり。諸費用500万円まで。買替は6か月以内売却条件で返済比率含めない（大手仲介4社の最低査定必要、1年分通帳履歴確認）。,○,金利+0.3%,○,※がん団信100のみの保険はなく団信3大疾病の加入となります。,○,※団信3大疾病50%保証の場合、金利上乗せはありません。※40歳以上の場合、金利が上乗せされます。,×,3,,,,,,○,,○,,○,,○,,×,×,,○,,×,×,○,,×,,○,,,,25,○,×,,○,×,,×,,○,,×,,○,,×,,○,,×,,×,,,最大借入期間50年可能（審査は35年で実施、35年超は0.15%金利上乗せ）。保証会社にMG保証を取り入れているため、属性不安にも対応できる点が強み。固定金利については自己資金比率での金利の違いはなし。事務手数料：66万円。担当：岡田様（080-7710-0026／teikei@netbk.co.jp）,,,,,,,,
北洋銀行,,,固定,2.6,,,,,30,35,○,,×,,○,,○,,×,,,,,,,,,○,,○,,○,,○,×,,○,,×,×,○,,○,,○,,,,,○,○,,○,×,,×,,×,,×,,○,,×,,○,,×,,×,,,主に固定期間選択型の商品設計に力を入れており、ライフプランに応じた選択が可能。,,,,,,,,
りそな銀行（35年固定）,,300000000,固定,2.94,3,アプリ,79,35,35,35,○,正社員・契約・派遣：12ヶ月（契約・派遣は最低1年分源泉）。代表・自営：確定申告・決算3期。産休育休・単身者・親族居住用融資対応。LGBTQ対応（証明書必要）。MS面積16㎡（30㎡未満は自己資金3割、バストイレ必須）。旧耐震は条件あり。既存不適格は個別判断。諸費用込み可（既存借入完済条件なし）。リフォーム本体とセット1本。住みかえローン（新規融資+残債余り1000万円まで）、買い先行（残債と査定額相殺見込みあれば新居購入から最長1年以内完済条件で返済比率に含め審査）。借換えローンあり。,×,,○,がん団信100・三大疾病以上対応。,○,,×,12,,12,,12,,○,,○,,○,,○,,○,×,,○,,×,×,○,,○,,○,,,,16,○,○,,○,×,,×,,○,,×,,○,,○,,○,,×,,×,,,35年固定の中では魅力的な金利。買い先行（返済比率に入れない審査）も対応を始めている。事務手数料：66万円。首都圏担当：上野ローンプラザ 大野様（03-3835-1301／tomoshi.oono@resonabank.co.jp）その他エリアは担当窓口へ直接連絡。,,,,,,,,
auじぶん銀行（35年固定）,,,固定,3.24,,,,,30,35,○,,×,,○,,○,,×,,,,,,,,,○,,○,,○,,○,×,,○,,×,×,○,,○,,○,,,,,○,○,,○,×,,×,,×,,×,,○,,×,,○,,×,,×,,,がん100%団信に加入しても上乗せなし。諸費用も物件価格の10%まで可能！,,,,,,,,
